{
  "name": "IoAbstraction",
  "keywords": "PCF8574,MCP23017,Rotary Encoder,Switches,Buttons,Debounced,Keyboard,EEPROM,AT24CX",
  "description": "Interchange between PCF8574, MCP23017, 74HC595, and regular pins. Fully debounced switches, rotary encoders, joystick encoder emulation (including on DfRobot), matrix keypads/keyboards, and touch screen input on any IO device that require no extra components in most cases. An EEPROM abstraction that works with AVR & I2C AT24x ROMs.",
  "repository": {
    "type": "git",
    "url": "https://github.com/davetcc/IoAbstraction"
  },
  "authors": [
    {
      "name": "DaveTcc",
      "url": "https://www.thecoderscorner.com",
      "maintainer": true
    }
  ],
  "dependencies": [
    {
      "name": "Wire",
      "frameworks": "arduino"
    },
    {
      "name": "SimpleCollections"
    },
    {
      "name": "TaskManagerIO"
    }
  ],
  "version": "4.0.2",
  "license": "Apache-2.0",
  "frameworks": "arduino, mbed",
  "platforms": "*",
  "headers": "IoAbstraction.h"
}
  
